{"cameraMode":{"drawMode":3,"name":"Shadow Cascades","section":"Miscellaneous"},"sceneLighting":true,"audioPlay":false,"sceneViewState":{"showFog":false,"showMaterialUpdate":false,"showSkybox":false,"showFlares":false,"showImageEffects":false,"showParticleSystems":false},"in2DMode":false,"pivot":{"x":-0.134924054145813,"y":1.9212956428527833,"z":-0.007441520690917969},"rotation":{"x":0.08806163817644119,"y":-0.0850616842508316,"z":0.007547641173005104,"w":0.9924477934837341},"size":2.324265241622925,"orthographic":true}