{"cameraMode":{"drawMode":3,"name":"Shadow Cascades","section":"Miscellaneous"},"sceneLighting":true,"audioPlay":false,"sceneViewState":{"showFog":false,"showMaterialUpdate":false,"showSkybox":false,"showFlares":false,"showImageEffects":false,"showParticleSystems":false},"in2DMode":false,"pivot":{"x":5.62235164642334,"y":3.751915693283081,"z":0.1208963394165039},"rotation":{"x":-0.01185677945613861,"y":0.15387500822544099,"z":0.0018465890316292644,"w":0.9880176186561585},"size":14.816036224365235,"orthographic":true}