{"cameraMode":{"drawMode":3,"name":"Shadow Cascades","section":"Miscellaneous"},"sceneLighting":true,"audioPlay":false,"sceneViewState":{"showFog":false,"showMaterialUpdate":false,"showSkybox":false,"showFlares":false,"showImageEffects":false,"showParticleSystems":false},"in2DMode":false,"pivot":{"x":839.91064453125,"y":-202.29397583007813,"z":5.58099365234375},"rotation":{"x":-0.019495103508234025,"y":0.019494911655783654,"z":0.0003802349092438817,"w":0.9996201992034912},"size":619.6053466796875,"orthographic":true}