{"cameraMode":{"drawMode":3,"name":"Shadow Cascades","section":"Miscellaneous"},"sceneLighting":true,"audioPlay":false,"sceneViewState":{"showFog":false,"showMaterialUpdate":false,"showSkybox":false,"showFlares":false,"showImageEffects":false,"showParticleSystems":false},"in2DMode":false,"pivot":{"x":-27.211654663085939,"y":-44.58832931518555,"z":5.392147064208984},"rotation":{"x":0.21991784870624543,"y":-0.5303076505661011,"z":0.1447124183177948,"w":0.8059008121490479},"size":87.15811157226563,"orthographic":false}