{"cameraMode":{"drawMode":3,"name":"Shadow Cascades","section":"Miscellaneous"},"sceneLighting":true,"audioPlay":false,"sceneViewState":{"showFog":false,"showMaterialUpdate":false,"showSkybox":false,"showFlares":false,"showImageEffects":false,"showParticleSystems":false},"in2DMode":false,"pivot":{"x":-2.088818073272705,"y":3.0964348316192629,"z":-2.1810660362243654},"rotation":{"x":0.12717491388320924,"y":-0.14967407286167146,"z":0.01938028819859028,"w":0.9803418517112732},"size":5.384768486022949,"orthographic":true}