{"cameraMode":{"drawMode":3,"name":"Shadow Cascades","section":"Miscellaneous"},"sceneLighting":true,"audioPlay":false,"sceneViewState":{"showFog":false,"showMaterialUpdate":false,"showSkybox":false,"showFlares":false,"showImageEffects":false,"showParticleSystems":false},"in2DMode":false,"pivot":{"x":-14.709386825561524,"y":5.727535247802734,"z":-9.949384689331055},"rotation":{"x":0.038775764405727389,"y":0.6483314037322998,"z":-0.03309357911348343,"w":0.7596492171287537},"size":18.342662811279298,"orthographic":true}